<?xml version="1.0" encoding="utf-8"?><resources>    <color name="primary">#1E3A8A</color>    <color name="primary_dark">#1E3A8A</color>    <color name="accent">#DC2626</color>    <color name="white">#FFFFFF</color>    <color name="black">#000000</color>    <color name="gray">#6B7280</color>    <color name="light_gray">#F3F4F6</color>    <color name="sos_red">#DC2626</color>    <color name="sos_red_dark">#B91C1C</color>    <color name="success_green">#059669</color>    <color name="warning_yellow">#D97706</color></resources>