<resources>    <!-- معلومات التطبيق والمطور -->    <string name="app_name">نجدة السودان</string>    <string name="developer_name">حماد حماد</string>    <string name="developer_message">تم تطوير هذا التطبيق بواسطة المطور السوداني حماد حماد لمساعدة أهله في السودان على التواصل في الظروف الطارئة.</string>    <!-- نصوص الواجهة الرئيسية -->    <string name="sos_button">🆘 SOS</string>    <string name="stop_sos">⏹️ إيقاف</string>    <string name="message_hint">اكتب رسالتك...</string>    <string name="send">إرسال</string>    <string name="status_ready">✓ التطبيق جاهز</string>    <string name="status_searching">🔍 أبحث عن أجهزة قريبة...</string>    <string name="status_sending">📤 جاري الإرسال...</string>    <string name="status_connected">✓ متصل بـ %d أجهزة</string>    <string name="status_no_devices">⚠️ لا توجد أجهزة قريبة</string>    <string name="permission_required">هذا التطبيق يحتاج صلاحيات للعمل في الطوارئ</string>    <string name="grant_permissions">منح الصلاحيات</string>        <!-- نصوص حول التطبيق -->    <string name="about">حول التطبيق</string>    <string name="version">الإصدار 1.0</string>    <string name="developed_by">تم التطوير بواسطة: %s</string>    <string name="project_idea">صاحب الفكرة: %s</string>    <string name="thank_you">شكرًا لاستخدامك تطبيق حماد  </string>    <!-- نصوص جديدة لكشف الطائرات -->    <string name="air_alert_title">تنبيه جوي</string>    <string name="air_alert_description">كشف الطائرات القريبة</string>    <string name="air_alert_start">بدء مراقبة الأجواء</string>    <string name="air_alert_stop">إيقاف المراقبة</string>    <string name="air_alert_drone">🚁 طائرة بدون طيار قريبة!</string>    <string name="air_alert_aircraft">✈️ طائرة قريبة محتملة</string>    <string name="air_alert_vibration">📳 اهتزاز قوي! انتبه</string>    <string name="air_alert_wifi">📡 شبكة مشبوهة في الجوار</string>    <string name="air_alert_threat">🚨 خطر محتمل في الجو!</string>    <!-- نصوص للوضع الليلي -->    <string name="night_mode">الوضع الليلي</string>    <string name="night_mode_on">تفعيل الوضع الليلي</string>    <string name="night_mode_off">إيقاف الوضع الليلي</string>    <string name="battery_saver">توفير البطارية</string>    <!-- نصوص المشاركة -->    <string name="share_location">مشاركة الموقع</string>    <string name="share_sos">مشاركة نداء استغاثة</string>    <string name="share_alert">مشاركة تحذير</string>    <!-- نصوص الإعدادات -->    <string name="settings_title">الإعدادات</string>    <string name="settings_language">اللغة</string>    <string name="settings_notifications">الإشعارات</string>    <string name="settings_sound">الصوت</string>    <string name="settings_vibration">الاهتزاز</string>    <string name="settings_range">مدى البحث</string>    <string name="settings_power">استهلاك البطارية</string>        <!-- نصوص إضافية للصمود -->    <string name="stay_strong">  وأهلك في قلوبنا. اصمدوا فالنصر قريب بإذن الله.</string>    <string name="sudan_rising">السودان سيرتفع مجددًا</string></resources>